{
  "version": 1,
  "classes": [
    "Australia",
    "Austria",
    "Canada",
    "China",
    "India",
    "Indonesia",
    "Iran",
    "Japan"
  ],
  "mean": [
    0.04074385154674925,
    0.033271464406795376,
    0.03303097532658986,
    0.02958534782419128,
    0.026599340727931905,
    0.03398830072997004,
    0.07283656617906412,
    0.05175602238138856,
    0.04618832449465554,
    0.06603231946547336,
    0.04078728420901486,
    0.03652421011984456,
    0.03154856880067195,
    0.031889898681041515,
    0.038959178346713356,
    0.04636242667439431,
    0.027096657032144242,
    0.028722024825188774,
    0.03699805948184597,
    0.012003884992797203,
    0.03946570857049558,
    0.023356595950339138,
    0.028121823669773418,
    0.03774818683952153,
    0.22256504866826626,
    0.2100659414838097,
    0.20237214539075513,
    0.18771076114210442,
    0.17728610331506475,
    0.3400249529480035,
    0.22838583567298715,
    0.1661997745627953,
    0.13957981063951894,
    0.1258096261766951,
    0.4900293378949066,
    0.18244167988119414,
    0.1483978428870129,
    0.9893617021276596,
    0.010638297872340425,
    0,
    0,
    0.2823519385040971,
    0.10638297872340426
  ],
  "scale": [
    0.09855951424369237,
    0.12297123684428383,
    0.10491018334722624,
    0.11340257485213627,
    0.07042258646005803,
    0.09102758246155379,
    0.18487794949309178,
    0.11993211346986585,
    0.10683292353148902,
    0.15626894980259726,
    0.08894954085359966,
    0.10640270747843344,
    0.07280865953691659,
    0.08897525611189214,
    0.11246165169223508,
    0.13735295265221245,
    0.11838909644165699,
    0.09027881377979818,
    0.12454929262694552,
    0.033356385144164995,
    0.12030958803362174,
    0.06525799776034992,
    0.08628322273422924,
    0.111400845919727,
    0.010888990823235323,
    0.005330540990093378,
    0.004306308771366401,
    0.007030409493935942,
    0.009244425159498859,
    0.16236238243130496,
    0.06255565690892104,
    0.05085708140092653,
    0.046371016475296074,
    0.04606630041710906,
    0.2943280016661321,
    0.11308690716604342,
    0.10323120921048497,
    0.1025920293722655,
    0.1025920293722655,
    1,
    1,
    0.1513846082119758,
    0.3083271648125413
  ],
  "W": [
    [
      0.21852525214945714,
      0.7418734475049349,
      0.1416297484151434,
      0.7676031184383952,
      1.0708758266179732,
      -0.022440694958859635,
      0.396902694091261,
      0.8865649664427634,
      -0.28657041498634633,
      -1.093806982889888,
      0.23734184166383177,
      0.6324040488641787,
      0.33715596556312494,
      -0.5894615060590415,
      -0.7144285448349831,
      -0.3129680905275038,
      -0.1387473481749664,
      -0.6465418539842903,
      -0.7480706560324459,
      -0.6705770921025902,
      -0.3210124148850802,
      -0.08947664397835349,
      0.6097957240163063,
      0.16060508459287173,
      0.288015105863851,
      0.22891936658616766,
      -0.37126485134145965,
      0.5090096668648794,
      -0.6854101916556692,
      0.16723694837415215,
      -0.482245657351129,
      -0.16544281706705802,
      -0.14903851878300192,
      0.3981047051135265,
      -0.3088845988637588,
      0.4849051883627077,
      0.6456600446084738,
      -0.2013179952162826,
      0.20131799521628266,
      0,
      0,
      0.6047587677227833,
      -0.12677361327517156
    ],
    [
      -0.37066904226715325,
      0.17712874415826094,
      -0.23840260421914308,
      -0.33254121335320685,
      -1.1164853189731083,
      -0.02330819442150172,
      0.16337744788845746,
      0.32648615238278367,
      0.517107397999755,
      0.3651800444105598,
      0.0745380525911399,
      -0.3089883664647888,
      0.015224853635800647,
      0.4740060140700678,
      -0.23519998374175574,
      0.6894616252538059,
      -0.6374668897844644,
      0.4010781782494994,
      0.7803225526595553,
      0.6076709370974565,
      -0.16854183931973585,
      0.35516017609134337,
      -0.34901009318747966,
      0.09220427543217329,
      0.445862797129578,
      -0.09908499776703081,
      -0.5375544150666528,
      0.17282413410245928,
      -0.34907182967856254,
      0.25787794838425704,
      -0.4718016748939597,
      -0.09257654376989755,
      0.18071423432177372,
      -0.34792340913109276,
      -0.6044609829677731,
      0.01630452273013248,
      -0.012707061243340815,
      0.1354555074174573,
      -0.1354555074174577,
      0,
      0,
      0.1602513309728978,
      -0.5513349556648969
    ],
    [
      0.5344395880161887,
      0.09010099905640895,
      0.5126165280043453,
      -0.4795299575279929,
      0.7424206247745248,
      -0.45999416862294973,
      -0.5056491374265863,
      0.11645436601894109,
      -0.1525892775451735,
      -0.20781617098353533,
      -0.48305835968031263,
      -0.36962038882553133,
      -0.6564644431842422,
      -0.25370878337239805,
      0.0720275305835889,
      -0.15628003069573207,
      -0.2395837459571149,
      -0.13714673294736054,
      -0.3887162550783142,
      0.5555104863722214,
      0.2271831176792846,
      0.8227844470180751,
      0.07792230920289575,
      0.6665046238492897,
      -0.1395399255496995,
      -0.38346935689621275,
      0.16273495751876788,
      -0.2900712925393379,
      0.5302743008465571,
      0.0990501158323866,
      0.34440761891291005,
      -0.4270382747215819,
      -0.29529040374204757,
      -0.04810069695999283,
      0.3905421738205362,
      -0.1389089561977562,
      0.01749101026513129,
      -0.008896877146594364,
      0.008896877146594533,
      0,
      0,
      0.03656418859840833,
      0.4196628172631501
    ],
    [
      -0.4115504827387243,
      -0.19662816649290482,
      0.007395445935378577,
      -0.4146881512621627,
      -0.02329485565080449,
      -0.30607347501373167,
      0.24381705050704344,
      0.5676205199770715,
      -0.15613948429390004,
      0.21929473901547175,
      0.3626087001196972,
      -0.24266270618093708,
      -0.02621039430962143,
      0.9223371843688434,
      0.22458990001233578,
      -0.3006342520306947,
      -0.19310100048829976,
      -0.5252720919748568,
      -0.17164045100018524,
      -0.4302817717979788,
      0.4572553352776362,
      0.07730056535868314,
      0.4980650896700323,
      -0.40847748357778774,
      -0.0744011634449525,
      -0.17910304735619695,
      -0.24763142154026813,
      -0.03819906043019201,
      0.3353158328012005,
      -0.06036103593248525,
      0.4232695431675151,
      0.011734372364552022,
      -0.30067646064858905,
      -0.07232283713386468,
      0.14425871916811295,
      -0.03917368110713464,
      0.4326153449154155,
      -0.014614343351167597,
      0.014614343351167822,
      0,
      0,
      0.07506121589584618,
      -0.03994436471690064
    ],
    [
      0.47245899368098854,
      -0.28282018165469375,
      -0.6483845531216136,
      -0.14146470934363548,
      -0.09608878583342892,
      0.385323877008029,
      -0.13256276803894596,
      -0.7393082575488125,
      0.4989244799747094,
      0.1732011351430065,
      0.4895934144777216,
      -0.21018320727630052,
      -0.08857955543274147,
      -0.8790218815026959,
      0.38863004973482257,
      -0.3532453037728742,
      0.2247304003163854,
      1.1238271402362192,
      0.1332770374082516,
      0.3006308174828854,
      0.7609395496147865,
      0.0560999831609003,
      -0.44605615012253674,
      -0.43484764798267583,
      0.13905389574420587,
      -0.2414680277534087,
      0.5930339417636825,
      -0.844702972623564,
      0.34159172730730897,
      -0.2641315738172645,
      0.381920643715172,
      0.28425515333459506,
      0.09260114287814718,
      0.005282348476287765,
      0.17516361544831544,
      -0.038668516824522096,
      0.0990574948144484,
      0.03207222385783784,
      -0.03207222385783786,
      0,
      0,
      -0.24079486838178585,
      -0.0580710829442964
    ],
    [
      0.012825428798817312,
